id,name,category,quantity,price,description
1,Ноутбук HP Pavilion,Электроника,2,45000,Игровой ноутбук с процессором Intel Core i5
2,Мышь Logitech MX Master,Аксессуары,11,1200,Беспроводная мышь для профессионалов
3,Клавиатура механическая,Аксессуары,6,2500,Механическая клавиатура с RGB подсветкой
4,"Монитор 24"""" Samsung",Электроника,2,15000,Монитор с IPS матрицей
5,Веб-камера Logitech,Аксессуары,10,800,Веб-камера Full HD для видеоконференций
6,Наушники Sony WH-1000XM4,Аксессуары,0,12000,Беспроводные наушники с шумоподавлением
7,Жесткий диск 1TB,Комплектующие,2,3500,Внутренний жесткий диск для ПК
8,Оперативная память 16GB,Комплектующие,11,2800,Модуль оперативной памяти DDR4
9,фыв2,фыв,5,42,12вйц
